Player Name,Team,Pos,Games,G,A,Pts,+/-,PIM,SOG,GWG,PPG,PPA,SHG,SHA,Hits,BS
Connor McDavid,EDM,C,80,64,87,151,22,36,340,11,21,48,4,3,89,39
David Pastrnak,BOS,RW,80,60,49,109,35,38,396,12,18,17,0,0,90,33
Mikko Rantanen,COL,RW,79,54,48,102,14,80,297,9,12,24,0,0,77,41
Leon Draisaitl,EDM,C,78,51,73,124,6,24,244,11,31,29,1,1,64,40
Brayden Point,TB,C,80,49,42,91,0,7,223,9,19,10,0,0,33,36
Tage Thompson,BUF,RW,76,46,47,93,7,37,284,7,19,14,1,0,54,25
Jason Robertson,DAL,LW,80,46,60,106,36,20,306,7,13,26,0,0,56,19
Jack Hughes,NJ,C,76,42,54,96,9,6,329,6,9,22,0,0,11,30
Alex Ovechkin,WAS,LW,72,42,32,74,-14,48,290,3,14,11,0,0,187,23
Mark Scheifele,WPG,C,80,41,26,67,-17,43,203,9,12,10,0,0,49,38
Carter Verhaeghe,FLA,C,80,41,31,72,13,46,273,2,7,6,0,0,29,30
Jared McCann,SEA,C,77,40,30,70,20,14,205,3,7,9,3,0,62,27
Auston Matthews,TOR,C,73,40,45,85,31,20,324,8,13,15,0,0,78,91
Matthew Tkachuk,FLA,LW,78,40,68,108,30,111,319,6,14,22,0,1,67,31
Timo Meier,NJ,LW,76,40,25,65,-18,43,324,5,17,6,0,0,149,36
Kirill Kaprizov,MIN,LW,66,39,35,74,6,35,253,6,16,15,0,0,65,28
Mika Zibanejad,NYR,C,81,39,51,90,25,20,248,5,20,18,1,1,71,48
Nathan MacKinnon,COL,C,68,39,68,107,27,30,350,8,12,22,0,0,53,39
Andrei Kuzmenko,VAN,LW,79,38,33,71,8,8,141,4,13,4,0,0,13,18
Adrian Kempe,LA,C,81,38,25,63,22,55,241,5,9,9,3,0,119,32
Bo Horvat,NYI,C,78,38,32,70,0,18,225,5,12,10,4,1,57,55
William Nylander,TOR,C,80,38,45,83,9,26,282,5,8,18,0,0,18,26
Tim Stutzle,OTT,LW,77,38,50,88,-2,54,227,3,9,18,3,0,113,49
Elias Pettersson,VAN,C,78,38,61,99,15,14,251,6,6,18,5,4,71,86
Clayton Keller,ARI,C,81,37,48,85,-3,47,220,4,6,14,1,0,17,33
Jordan Kyrou,STL,RW,77,37,35,72,-37,20,263,5,11,12,0,1,14,34
Ryan Nugent-Hopkins,EDM,LW,80,37,66,103,12,35,197,3,15,37,1,3,46,26
Zach Hyman,EDM,RW,77,36,47,83,13,39,267,3,15,11,0,0,76,19
John Tavares,TOR,C,79,36,43,79,-6,34,274,9,18,20,0,0,110,36
Chris Kreider,NYR,LW,78,36,18,54,23,26,228,3,8,9,4,0,127,24
Roope Hintz,DAL,LW,71,36,38,74,31,30,179,4,8,12,3,0,44,43
Sebastian Aho,CAR,LW,73,35,30,65,6,42,215,9,7,8,3,1,58,19
Jake Guentzel,PIT,LW,76,35,37,72,4,46,240,6,10,12,0,0,82,46
Alex Tuch,BUF,RW,71,35,40,75,14,20,205,8,8,11,1,0,50,45
Brady Tkachuk,OTT,LW,81,35,47,82,-9,126,341,6,11,18,0,0,238,9
Brock Nelson,NYI,C,81,34,39,73,12,24,218,7,6,11,0,0,50,41
Tyler Toffoli,CGY,RW,81,34,39,73,16,28,261,4,10,15,0,0,59,14
Claude Giroux,OTT,C,81,34,44,78,4,34,212,6,7,17,0,1,75,29
Sidney Crosby,PIT,C,80,33,58,91,10,52,246,9,9,16,0,0,71,47
Steven Stamkos,TB,C,79,33,50,83,-7,46,234,6,13,22,0,0,88,51
Jamie Benn,DAL,C,80,33,42,75,21,34,186,4,13,16,2,1,96,38
Jeff Skinner,BUF,LW,76,33,42,75,14,29,233,3,8,12,0,0,21,14
Dylan Larkin,DET,C,79,32,47,79,-4,45,241,5,16,15,1,0,47,26
Kyle Connor,WPG,LW,80,32,49,81,-11,20,270,9,8,21,0,0,42,22
Jesper Bratt,NJ,LW,80,32,39,71,14,6,205,3,8,14,0,0,23,23
Nico Hischier,NJ,C,79,31,46,77,33,10,251,9,7,12,3,1,31,60
Dylan Cozens,BUF,C,78,31,36,67,-1,41,205,1,5,13,2,1,55,29
Matthew Boldy,MIN,LW,80,31,32,63,2,39,252,5,8,18,0,0,62,26
Sam Reinhart,FLA,RW,81,31,35,66,-11,10,224,5,16,11,0,3,56,49
Mitchell Marner,TOR,RW,79,30,69,99,18,28,195,4,9,27,4,1,53,45
J.T. Miller,VAN,C,79,30,48,78,-8,60,218,2,10,18,5,4,196,50
Nikita Kucherov,TB,RW,80,30,80,110,-3,34,258,4,8,40,0,0,59,28
Travis Konecny,PHI,C,58,29,27,56,-15,75,181,5,5,9,3,3,54,36
Brandon Hagel,TB,LW,79,29,33,62,21,52,173,3,7,6,1,2,66,57
Martin Necas,CAR,C,80,28,43,71,5,32,236,5,9,17,0,1,54,20
Artemi Panarin,NYR,LW,81,28,63,91,3,36,201,4,8,27,0,0,25,11
Rickard Rakell,PIT,C,80,28,30,58,-1,16,233,2,11,8,0,0,138,53
Anders Lee,NYI,C,81,27,22,49,-3,48,212,4,5,8,0,0,124,56
Jonathan Marchessault,VGK,LW,74,27,29,56,2,21,228,4,8,7,0,0,75,17
Jason Zucker,PIT,LW,76,27,21,48,0,47,192,5,2,7,0,0,197,29
Logan Couture,SJ,C,80,27,40,67,-26,19,191,4,5,15,1,0,128,69
Anze Kopitar,LA,C,81,27,45,72,20,4,167,4,7,13,0,1,68,86
Patrice Bergeron,BOS,C,76,27,30,57,33,22,245,7,9,9,2,0,65,52
Joe Pavelski,DAL,RW,80,27,49,76,41,8,181,2,13,14,0,1,91,64
Jack Eichel,VGK,C,66,27,38,65,25,4,221,2,2,12,0,0,58,55
Alex DeBrincat,OTT,RW,81,27,39,66,-31,45,261,6,11,19,0,0,109,37
Pierre-Luc Dubois,WPG,C,72,27,35,62,4,77,205,1,11,12,0,0,71,45
Dawson Mercer,NJ,C,80,27,28,55,22,14,158,6,2,7,1,1,35,62
Cole Caufield,MON,RW,46,26,10,36,-10,2,158,3,7,3,0,0,18,12
Victor Olofsson,BUF,LW,73,26,12,38,-26,4,155,5,7,5,0,0,16,15
Viktor Arvidsson,LA,LW,76,26,30,56,-5,24,222,2,10,13,1,0,25,48
Pavel Buchnevich,STL,LW,61,26,41,67,14,36,121,2,8,13,0,2,54,21
Evgeni Malkin,PIT,C,80,26,56,82,-7,82,233,3,10,25,0,0,52,33
Boone Jenner,CLS,LW,68,26,19,45,-32,51,214,3,7,4,0,0,129,70
Alex Killorn,TB,C,80,26,36,62,15,41,139,4,4,9,1,1,58,30
Erik Karlsson,SJ,D,80,25,75,100,-21,34,205,4,5,21,0,0,33,87
Jake DeBrusk,BOS,LW,62,25,23,48,25,14,185,6,6,8,0,1,85,22
Lawson Crouse,ARI,LW,76,24,21,45,-2,35,147,3,6,2,0,0,189,58
David Perron,DET,RW,80,24,31,55,-5,52,193,3,6,16,0,0,104,23
Nino Niederreiter,WPG,RW,76,24,16,40,-12,20,178,2,4,3,0,0,160,30
Nazem Kadri,CGY,C,81,24,31,55,-20,56,265,4,11,8,0,0,99,31
Reilly Smith,VGK,RW,76,24,28,52,9,16,174,4,6,4,4,0,69,31
Nick Suzuki,MON,C,80,24,40,64,-12,33,157,2,7,10,2,0,48,52
Owen Tippett,PHI,RW,75,24,21,45,-17,16,224,3,7,3,0,0,121,66
Matty Beniers,SEA,C,78,24,33,57,16,2,146,4,4,6,0,1,77,47
Gabriel Vilardi,LA,C,63,23,18,41,10,18,122,6,5,4,0,0,41,33
Andrei Svechnikov,CAR,RW,64,23,32,55,6,71,205,4,5,11,0,0,140,17
Dylan Strome,WAS,C,79,23,40,63,-4,24,153,2,3,17,0,0,20,40
Michael Bunting,TOR,LW,80,23,26,49,23,96,171,4,7,3,0,0,82,17
Kevin Fiala,LA,LW,69,23,49,72,2,52,208,2,7,17,0,0,53,18
Joel Eriksson Ek,MIN,C,78,23,38,61,4,44,247,1,12,11,2,1,119,55
Troy Terry,ANH,C,68,22,36,58,-8,22,181,3,5,7,0,0,12,22
Patrik Laine,CLS,RW,55,22,30,52,-12,16,184,1,8,8,0,0,27,27
Frank Vatrano,ANH,LW,79,22,19,41,-28,66,225,1,5,4,0,0,84,74
Vincent Trocheck,NYR,C,81,22,41,63,2,58,223,3,9,8,0,0,182,44
Adam Henrique,ANH,C,60,22,15,37,-7,22,129,1,4,6,0,0,28,45
Tomas Hertl,SJ,LW,77,22,40,62,-32,40,177,1,6,15,0,0,91,57
Aleksander Barkov,FLA,C,67,22,55,77,12,8,203,6,8,22,1,1,51,48
Elias Lindholm,CGY,RW,79,22,42,64,6,14,185,2,10,11,1,2,97,50
Matt Duchene,NSH,C,71,22,34,56,4,32,168,3,5,8,0,0,27,32
Mats Zuccarello,MIN,RW,77,22,45,67,-1,26,195,3,9,20,0,0,51,51
Drake Batherson,OTT,RW,81,22,39,61,-35,33,249,2,14,14,0,0,115,35
Filip Chytil,NYR,C,73,22,23,45,18,30,174,4,3,2,0,0,36,38
Trevor Zegras,ANH,C,79,22,40,62,-25,72,181,3,4,12,0,0,43,29
Kirill Marchenko,CLS,LW,56,21,4,25,-21,14,124,1,7,1,0,0,34,39
Wyatt Johnston,DAL,C,80,21,17,38,4,20,154,2,2,4,0,0,22,31
Brayden Schenn,STL,C,80,21,44,65,-26,50,141,3,6,9,0,0,140,40
Patrick Kane,NYR,RW,72,21,36,57,-20,16,225,1,4,18,0,0,13,19
Zach Parise,NYI,LW,81,21,12,33,7,24,180,2,3,1,2,1,89,83
Josh Anderson,MON,RW,69,21,11,32,-8,72,164,5,4,0,1,0,139,49
Dougie Hamilton,NJ,D,80,21,52,73,23,48,270,7,8,20,0,0,62,86
Pavel Zacha,BOS,C,80,21,36,57,28,16,128,3,3,5,0,1,66,20
Nick Schmaltz,ARI,RW,62,21,35,56,2,18,127,2,6,6,0,1,12,28
Daniel Sprong,SEA,RW,64,21,25,46,14,14,140,3,6,8,0,0,30,17
Taylor Raddysh,CHI,RW,78,20,17,37,-28,16,129,1,7,8,0,0,82,38
Oliver Bjorkstrand,SEA,RW,79,20,24,44,0,14,194,1,5,5,0,0,60,37
Artturi Lehkonen,COL,LW,62,20,29,49,6,28,145,3,8,12,1,0,89,42
Max Domi,DAL,C,78,20,36,56,-14,82,173,4,8,11,0,0,22,24
Dominik Kubalik,DET,LW,79,20,25,45,-11,24,171,3,7,10,0,0,87,26
Jordan Eberle,SEA,RW,80,20,43,63,8,34,174,4,3,12,0,0,41,23
Brad Marchand,BOS,LW,71,20,43,63,26,74,177,4,8,19,0,1,81,22
Tyler Seguin,DAL,C,74,20,28,48,3,24,181,3,6,3,1,1,81,23
Jaden Schwartz,SEA,LW,69,20,19,39,-15,22,165,2,6,2,0,0,52,23
Bryan Rust,PIT,RW,79,20,26,46,-3,31,209,2,2,9,0,1,97,50
Shane Pinto,OTT,C,81,20,15,35,-21,18,157,2,5,4,0,0,70,49
Barrett Hayton,ARI,C,81,19,24,43,-3,42,173,4,4,6,0,1,81,33
Morgan Frost,PHI,C,79,19,24,43,-13,24,149,3,1,4,0,0,85,53
Calle Jarnkrok,TOR,C,71,19,18,37,10,14,104,2,2,1,1,2,50,19
Marcus Johansson,MIN,LW,79,19,26,45,3,8,134,7,5,12,2,0,26,23
Mikael Backlund,CGY,C,81,19,36,55,23,36,257,2,5,7,1,3,97,30
T.J. Oshie,WAS,RW,58,19,16,35,-18,59,126,2,9,2,0,0,125,34
Brandon Saad,STL,LW,69,19,18,37,-7,12,125,1,2,2,2,1,24,30
Johnny Gaudreau,CLS,LW,77,19,52,71,-33,22,205,3,3,20,0,0,5,18
Filip Forsberg,NSH,RW,50,19,23,42,-4,20,157,2,4,9,0,0,86,20
Scott Laughton,PHI,C,76,18,24,42,-9,50,165,0,5,4,3,4,155,56
Brady Skjei,CAR,D,79,18,19,37,8,38,183,3,4,3,1,0,71,61
Andreas Athanasiou,CHI,C,79,18,18,36,-31,34,163,3,3,3,0,0,43,44
Blake Coleman,CGY,C,81,18,20,38,9,54,184,2,0,0,2,0,106,38
Phillip Danault,LA,C,81,18,36,54,-9,59,150,1,3,17,0,2,81,74
Roman Josi,NSH,D,67,18,41,59,5,36,269,5,8,16,0,0,51,146
Tomas Tatar,NJ,LW,80,18,26,44,40,28,149,1,1,2,0,0,64,29
Kevin Hayes,PHI,C,79,18,36,54,-21,23,203,1,6,10,0,0,52,22
Vladimir Tarasenko,NYR,RW,68,18,32,50,-14,8,167,1,3,11,1,0,74,35
Dillon Dube,CGY,C,81,18,27,45,-6,47,150,3,1,3,2,0,136,19
Anthony Beauvillier,VAN,LW,80,18,21,39,-9,24,174,5,3,0,0,0,77,30
Eeli Tolvanen,SEA,LW,59,18,13,31,8,14,114,4,4,3,0,0,85,48
Robert Thomas,STL,C,71,17,46,63,-7,22,102,2,5,16,1,0,15,29
Cale Makar,COL,D,60,17,49,66,16,30,176,6,5,25,0,0,65,78
Eetu Luostarinen,FLA,LW,81,17,26,43,19,28,131,1,2,3,0,1,62,51
Lucas Raymond,DET,RW,72,17,28,45,-17,24,131,4,5,14,0,0,41,20
Kaapo Kakko,NYR,RW,81,17,22,39,12,8,124,2,0,3,0,0,26,27
Brock Boeser,VAN,RW,72,17,37,54,-18,22,169,3,5,10,0,0,47,32
Andrew Mangiapane,CGY,LW,81,17,25,42,11,40,180,1,2,2,0,2,86,26
Thomas Novak,NSH,C,49,17,24,41,5,8,88,3,5,7,0,0,8,23
Nick Paul,TB,LW,78,17,15,32,10,31,114,4,4,0,1,0,107,46
Valeri Nichushkin,COL,LW,50,17,30,47,15,2,154,2,10,6,1,2,51,36
J.T. Compher,COL,C,79,17,35,52,8,33,151,3,5,9,0,0,36,80
Frederick Gaudreau,MIN,C,80,17,19,36,9,10,134,3,3,1,4,1,42,51
Pierre Engvall,NYI,LW,75,17,13,30,8,21,131,4,1,2,0,0,47,6
Nick Bjugstad,EDM,C,76,17,12,29,13,34,141,1,1,0,1,0,167,43
Jordan Staal,CAR,C,79,17,16,33,7,30,119,3,0,0,1,1,151,38
Mark Stone,VGK,RW,43,17,21,38,11,10,113,1,3,6,2,0,31,23
David Krejci,BOS,C,70,16,40,56,23,20,112,2,4,8,0,0,41,38
Blake Wheeler,WPG,RW,71,16,39,55,-3,44,125,6,7,8,0,0,54,35
Taylor Hall,BOS,LW,59,16,20,36,12,24,147,5,4,4,0,0,34,33
Kyle Palmieri,NYI,RW,54,16,16,32,12,24,119,3,3,2,0,0,75,17
Ivan Barbashev,VGK,LW,80,16,28,44,-1,42,121,2,2,3,0,0,176,45
Brandon Montour,FLA,D,79,16,57,73,9,103,236,5,3,30,0,0,92,90
William Carrier,VGK,LW,56,16,9,25,15,30,118,7,0,0,0,0,133,22
Josh Morrissey,WPG,D,77,16,59,75,0,41,170,6,2,26,0,0,89,119
Sam Bennett,FLA,LW,63,16,24,40,5,54,193,3,4,5,0,0,150,35
Ross Colton,TB,LW,79,16,14,30,-10,50,148,3,4,5,0,0,185,27
Brandon Tanev,SEA,LW,80,16,19,35,22,44,113,3,0,0,1,0,185,67
Trent Frederic,BOS,C,77,16,14,30,27,57,117,6,0,0,0,1,99,35
Alexis Lafreniere,NYR,LW,80,16,23,39,11,33,135,2,3,1,0,0,141,28
Jesperi Kotkaniemi,CAR,LW,80,16,24,40,10,50,122,2,3,8,1,0,103,21
Mason McTavish,ANH,C,79,16,26,42,-19,42,160,1,6,7,0,0,55,37
Kent Johnson,CLS,C,76,16,24,40,-20,14,115,3,5,7,0,0,14,30
Rasmus Dahlin,BUF,D,75,15,57,72,12,90,199,2,6,26,0,0,105,128
Jonatan Berggren,DET,RW,65,15,13,28,-13,16,91,0,5,4,0,0,19,26
Alexander Barabanov,SJ,RW,68,15,32,47,-30,20,120,2,3,10,0,0,40,37
Conor Sheary,WAS,LW,80,15,22,37,7,22,152,1,2,5,2,0,56,37
Ryan Hartman,MIN,RW,58,15,22,37,8,84,147,6,1,3,2,2,60,48
Kasperi Kapanen,STL,RW,64,15,19,34,-8,14,113,5,3,3,1,0,99,19
Kevin Labanc,SJ,RW,70,15,18,33,-17,34,125,0,2,1,0,0,68,28
Evan Rodrigues,COL,C,66,15,21,36,4,28,181,1,6,4,0,0,34,23
Evander Kane,EDM,LW,39,15,12,27,-5,47,141,3,0,2,1,1,116,15
Ryan O'Reilly,TOR,C,51,15,12,27,-23,14,100,3,1,3,1,0,18,23
Charlie Coyle,BOS,C,80,15,29,44,29,30,136,0,0,0,1,4,68,62
Brent Burns,CAR,D,80,15,43,58,14,44,247,2,4,19,0,0,39,86
Ryan Strome,ANH,C,80,15,25,40,-29,75,129,2,1,3,0,0,28,23
Jonathan Huberdeau,CGY,LW,78,15,40,55,1,36,123,1,4,11,0,0,65,27
Chandler Stephenson,VGK,C,79,15,48,63,10,26,116,5,6,8,1,2,73,55
William Karlsson,VGK,C,80,14,37,51,12,10,154,2,2,7,2,3,48,48
Travis Boyd,ARI,C,81,14,19,33,-33,24,93,3,2,8,0,0,39,58
Eric Staal,FLA,C,71,14,14,28,-5,26,106,1,0,0,2,0,27,41
Jonathan Toews,CHI,C,51,14,16,30,-31,41,83,1,8,3,0,0,6,23
Phil Kessel,VGK,RW,80,14,22,36,-6,28,148,0,2,7,0,0,9,26
Mike Hoffman,MON,LW,66,14,20,34,-9,26,146,3,1,9,0,0,24,24
Ryan Donato,SEA,C,69,14,13,27,17,46,115,0,0,2,0,0,63,12
Michael Amadio,VGK,C,65,14,10,24,-1,10,96,1,1,1,0,0,54,24
Aaron Ekblad,FLA,D,70,14,24,38,-12,68,212,2,8,11,1,0,74,80
Nicolas Roy,VGK,C,63,14,16,30,9,24,100,5,3,3,0,1,82,41
Conor Garland,VAN,RW,79,14,29,43,-7,31,160,1,1,10,0,0,46,20
Mathew Barzal,NYI,C,58,14,37,51,5,22,139,5,4,15,0,0,25,34
Vince Dunn,SEA,D,79,14,50,64,30,55,146,2,0,15,0,0,113,76
Kirby Dach,MON,C,58,14,24,38,-2,43,107,2,6,10,0,2,53,38
Alex Newhook,COL,C,79,14,15,29,-1,22,112,3,1,1,0,0,59,26
Rafael Harvey-Pinard,MON,LW,34,14,6,20,7,10,58,1,4,0,1,0,57,56
Nico Sturm,SJ,C,72,14,12,26,-11,23,118,1,0,0,1,0,98,41
Jack Quinn,BUF,C,72,14,23,37,-4,15,118,2,1,5,0,1,43,18
Seth Jarvis,CAR,RW,80,14,23,37,8,12,184,0,0,5,1,0,71,46
Pius Suter,DET,LW,77,14,10,24,-2,6,102,1,0,0,2,0,38,37
Joel Farabee,PHI,LW,80,14,24,38,-2,41,137,1,0,2,0,0,71,45
Cody Glass,NSH,C,70,14,20,34,8,20,128,2,6,3,0,0,60,30
Alex Iafallo,LA,C,58,14,22,36,15,20,132,5,7,1,0,0,26,33
Casey Mittelstadt,BUF,C,79,13,41,54,-9,22,127,1,4,12,1,0,30,16
Noah Dobson,NYI,D,77,13,34,47,3,20,203,2,5,13,0,0,60,98
Yegor Sharangovich,NJ,LW,73,13,16,29,-5,16,128,2,0,0,2,2,21,40
Arthur Kaliyev,LA,RW,55,13,15,28,-4,12,120,1,8,4,0,0,40,10
Paul Cotter,VGK,C,55,13,5,18,-5,15,76,1,0,0,0,0,168,17
Christian Fischer,ARI,RW,79,13,14,27,-8,20,122,0,0,1,1,0,126,37
Ilya Mikheyev,VAN,RW,46,13,15,28,3,2,91,2,1,2,0,0,13,14
Nic Dowd,WAS,C,65,13,12,25,6,26,62,3,0,0,0,1,136,61
Andre Burakovsky,SEA,LW,49,13,26,39,-9,14,105,3,4,10,0,0,17,15
Alexander Wennberg,SEA,C,80,13,24,37,-6,20,100,3,4,5,0,0,42,63
Warren Foegele,EDM,LW,65,13,14,27,6,26,122,4,0,0,1,0,95,21
Nick Ritchie,CGY,LW,74,13,13,26,-21,53,120,2,4,6,0,0,218,32
Derek Ryan,EDM,C,78,13,6,19,9,28,90,0,0,0,2,0,54,42
Noel Acciari,TOR,C,75,13,8,21,-6,19,98,1,0,0,0,2,242,77
Gustav Forsling,FLA,D,81,13,28,41,22,40,207,3,1,4,0,2,68,106
Jeff Carter,PIT,C,77,13,16,29,-16,28,137,2,4,5,0,1,80,51
Derick Brassard,OTT,C,62,13,10,23,3,30,92,4,5,5,0,0,90,10
Jean-Gabriel Pageau,NYI,C,69,13,26,39,-3,12,119,2,5,3,3,1,174,60
Tyson Barrie,NSH,D,83,13,41,54,-7,36,161,1,4,27,0,0,55,89
Yanni Gourde,SEA,LW,79,13,34,47,24,72,139,2,3,1,1,0,112,53
Teuvo Teravainen,CAR,C,66,12,25,37,9,16,140,2,5,6,2,1,14,17
Brock McGinn,ANH,LW,75,12,7,19,-6,21,91,3,0,0,2,0,84,43
Colton Sissons,NSH,RW,80,12,16,28,-1,20,83,1,0,1,1,0,161,69
Jordan Martinook,CAR,LW,80,12,21,33,6,59,159,2,0,0,1,1,76,31
Shayne Gostisbehere,CAR,D,73,12,26,38,-7,30,153,1,5,10,2,0,46,85
Seth Jones,CHI,D,70,12,23,35,-38,30,173,1,2,9,0,1,102,123
Erik Haula,NJ,C,79,12,27,39,11,47,160,0,2,5,2,1,92,54
Matt Nieto,COL,LW,78,12,12,24,-15,14,113,2,0,1,0,0,42,32
Stefan Noesen,CAR,C,76,12,23,35,11,30,132,4,7,8,0,0,98,18
Adam Lowry,WPG,LW,80,12,23,35,5,41,122,2,0,2,3,2,159,46
Corey Perry,TB,RW,79,12,13,25,-28,90,115,3,6,6,0,0,48,23
Evgeny Kuznetsov,WAS,C,79,12,43,55,-24,56,170,2,5,13,0,0,42,29
Ryan Johansen,NSH,C,55,12,16,28,-13,32,86,1,5,5,0,0,49,19
Sam Lafferty,TOR,RW,70,12,15,27,-11,37,102,1,0,0,4,1,125,33
Darnell Nurse,EDM,D,80,12,31,43,23,64,200,4,0,1,2,1,140,157
Garnet Hathaway,BOS,RW,82,12,9,21,5,69,87,3,0,0,0,1,266,82
Nikolaj Ehlers,WPG,LW,44,12,26,38,-2,11,131,0,3,9,0,0,34,8
Carl Grundstrom,LA,LW,56,12,7,19,-4,16,88,2,1,0,0,0,142,16
Adam Fox,NYR,D,81,12,59,71,28,34,158,5,1,27,0,3,25,123
Denis Malgin,COL,C,63,12,8,20,3,8,108,1,0,1,0,0,65,18
Mason Marchment,DAL,LW,67,12,19,31,-6,80,148,2,2,3,0,0,88,39
Jack McBain,ARI,C,81,12,13,25,-10,64,83,2,0,0,0,0,299,50
Anton Lundell,FLA,C,72,12,21,33,2,43,150,1,0,5,2,0,29,32
John-Jason Peterka,BUF,RW,74,12,20,32,-14,24,122,1,2,3,0,0,18,10
Noah Cates,PHI,LW,80,12,24,36,4,12,99,5,2,4,1,1,86,65
Eric Robinson,CLS,LW,72,12,12,24,-21,6,98,1,0,0,0,2,124,32
Sheldon Dries,VAN,C,61,11,6,17,-10,29,90,0,4,1,1,0,81,40
Miro Heiskanen,DAL,D,77,11,60,71,10,32,203,2,2,31,0,1,49,96
Klim Kostin,EDM,RW,55,11,10,21,12,62,56,2,0,0,0,0,152,15
Matias Maccelli,ARI,LW,63,11,37,48,2,18,61,1,1,12,0,0,23,19
Ryan McLeod,EDM,C,55,11,11,22,3,16,73,0,0,0,2,1,38,20
Blake Lizotte,LA,LW,80,11,23,34,12,60,108,1,0,0,0,2,95,39
Ryan Lomberg,FLA,LW,81,11,8,19,-1,86,131,1,0,0,0,0,144,21
Jack Roslovic,CLS,RW,74,11,33,44,-12,10,117,2,2,7,2,1,40,53
Thomas Chabot,OTT,D,68,11,30,41,-11,52,165,0,5,15,0,0,79,123
Rasmus Andersson,CGY,D,78,11,38,49,5,26,159,4,1,20,1,1,49,135
Yakov Trenin,NSH,C,75,11,11,22,-4,45,137,2,0,1,2,0,166,29
Anthony Cirelli,TB,C,56,11,17,28,11,33,109,1,1,1,2,0,33,44
Barclay Goodrow,NYR,LW,81,11,20,31,3,58,89,2,1,1,0,1,122,64
Nikita Zadorov,CGY,D,81,11,7,18,7,80,125,1,0,1,0,0,172,75
Anthony Mantha,WAS,RW,67,11,16,27,-8,31,119,2,1,1,0,0,68,24
Miles Wood,NJ,LW,74,11,13,24,-1,76,160,1,1,1,0,0,100,17
Sonny Milano,WAS,LW,62,11,21,32,-5,18,80,3,1,4,0,0,39,14
Tony DeAngelo,PHI,D,70,11,31,42,-27,73,174,1,4,15,0,0,52,79
Dakota Joshua,VAN,LW,77,11,12,23,-14,60,69,2,1,0,1,0,220,29
Justin Faulk,STL,D,80,11,38,49,-2,34,194,3,2,7,0,0,111,134
Kyle Okposo,BUF,RW,72,11,16,27,-7,32,144,3,1,3,1,0,77,24
Kris Letang,PIT,D,62,11,28,39,-10,30,154,3,5,14,1,0,157,105
James van Riemsdyk,PHI,LW,59,11,17,28,-3,26,112,1,2,2,0,0,18,20
Alex Pietrangelo,VGK,D,71,11,42,53,9,12,170,3,1,12,0,2,64,172
Jared Spurgeon,MIN,D,78,11,23,34,32,14,147,3,1,3,0,1,66,179
Tyler Johnson,CHI,C,54,11,19,30,-21,16,120,0,4,5,0,0,48,24
Gustav Nyquist,MIN,RW,50,11,14,25,-10,16,99,2,0,1,2,0,41,30
Jimmy Vesey,NYR,LW,80,11,14,25,13,20,123,4,0,0,1,0,97,40
Tom Wilson,WAS,RW,31,11,9,20,-14,76,72,1,3,1,0,0,94,27
Radek Faksa,DAL,C,79,11,9,20,9,37,86,3,0,0,1,1,87,69
Zemgus Girgensons,BUF,C,77,10,7,17,-5,14,109,0,0,1,0,0,95,48
Hampus Lindholm,BOS,D,78,10,43,53,48,54,154,2,1,16,0,0,77,97
Oskar Sundqvist,MIN,C,67,10,18,28,-4,28,69,0,3,5,0,0,63,28
Alex Kerfoot,TOR,C,80,10,22,32,6,30,130,1,2,1,1,1,53,46
John Klingberg,MIN,D,65,10,22,32,-23,34,109,3,2,7,0,0,55,81
Jakob Silfverberg,ANH,RW,79,10,16,26,-19,30,136,2,4,3,0,0,10,50
Sean Kuraly,CLS,C,68,10,8,18,-29,68,93,0,0,0,1,1,182,44
Lars Eller,COL,C,81,10,11,21,0,46,133,1,0,0,1,0,93,42
Nick Foligno,BOS,LW,60,10,16,26,18,45,71,1,2,3,0,0,147,29
Andrew Cogliano,COL,LW,77,10,9,19,7,44,85,0,0,0,0,2,55,54
Cam Fowler,ANH,D,80,10,36,46,-22,14,128,1,4,9,0,0,17,101
Mikael Granlund,PIT,C,77,10,31,41,-14,18,116,1,1,11,0,0,77,59
Nick Bonino,PIT,C,62,10,9,19,-5,28,91,0,0,1,0,0,19,79
Jakub Vrana,STL,RW,23,10,5,15,4,10,60,2,3,0,0,0,13,5
Christian Dvorak,MON,LW,64,10,18,28,-12,6,88,1,0,3,1,0,13,66
Sam Steel,MIN,C,64,10,18,28,11,18,84,2,0,3,1,0,46,15
Bowen Byram,COL,D,39,10,13,23,5,34,63,1,2,4,1,0,76,48
Zach Aston-Reese,TOR,C,75,10,4,14,-5,25,89,2,0,0,0,0,159,42
Neal Pionk,WPG,D,80,10,22,32,-11,37,140,2,1,2,0,1,168,124
Michael Rasmussen,DET,C,56,10,19,29,2,43,88,0,0,1,0,0,119,48
Kailer Yamamoto,EDM,LW,56,10,14,24,11,24,92,3,0,0,1,1,74,24
Alexei Toropchenko,STL,RW,67,10,9,19,6,12,84,0,0,0,1,0,118,43
Max Comtois,ANH,LW,64,9,10,19,-20,76,89,0,0,2,0,0,81,27
Morgan Geekie,SEA,C,68,9,18,27,14,24,77,3,1,0,0,0,53,32
Ty Dellandrea,DAL,C,80,9,19,28,9,52,88,2,0,0,0,3,122,39
K'Andre Miller,NYR,D,78,9,34,43,13,37,112,2,0,3,0,2,162,102
Jesper Boqvist,NJ,C,68,9,10,19,5,2,65,2,0,0,0,0,46,20
Trevor Moore,LA,LW,58,9,19,28,-3,12,159,1,2,5,1,1,60,23
Logan O'Connor,COL,C,79,9,17,26,12,37,100,0,0,0,2,1,115,46
Joe Veleno,DET,C,79,9,10,19,-10,30,83,1,1,3,0,0,147,43
Sean Durzi,LA,D,71,9,29,38,-12,48,108,1,1,15,0,0,68,141
Philipp Kurashev,CHI,LW,70,9,16,25,-32,14,116,2,0,4,0,0,38,34
Julien Gauthier,OTT,RW,56,9,5,14,-6,6,53,0,0,0,0,0,102,12
Mikhail Sergachev,TB,D,77,9,51,60,10,53,149,2,3,23,0,1,122,148
Jakob Chychrun,OTT,D,48,9,24,33,7,30,144,0,4,4,0,0,55,83
Brandon Duhaime,MIN,LW,49,9,1,10,7,42,76,3,0,0,1,0,137,17
Wade Allison,PHI,RW,58,9,6,15,-2,36,86,2,0,0,0,0,182,60
Filip Hronek,VAN,D,64,9,30,39,7,34,124,1,4,12,0,0,102,58
Steven Lorentz,SJ,C,78,9,8,17,-16,16,108,0,0,0,1,1,128,46
Matt Roy,LA,D,81,9,15,24,7,22,135,2,0,0,1,1,118,152
Jake Walman,DET,D,61,9,9,18,12,45,136,2,0,2,0,0,45,120
Sammy Blais,STL,LW,69,9,16,25,4,24,69,1,0,1,0,0,228,31
Jason Dickinson,CHI,C,76,9,20,29,-28,28,111,1,1,0,0,4,111,77
Andrew Copp,DET,C,80,9,33,42,4,23,115,2,1,4,1,0,31,43
Hudson Fasching,NYI,RW,48,9,9,18,9,10,60,1,0,1,0,0,44,21
Victor Hedman,TB,D,75,9,40,49,10,42,180,1,1,13,1,2,93,135
Austin Watson,OTT,LW,75,9,2,11,-7,123,79,2,0,0,3,0,165,61
Paul Stastny,CAR,C,71,9,13,22,2,16,80,3,2,2,0,0,21,17
Trevor Lewis,CGY,C,81,9,11,20,-7,18,143,1,1,0,1,0,156,31
Drew Doughty,LA,D,80,9,41,50,13,34,144,2,4,21,0,0,113,104
John Carlson,WAS,D,38,9,19,28,-3,10,120,0,3,8,1,0,40,83
Nick Cousins,FLA,C,78,9,18,27,-1,38,102,2,0,0,0,0,87,36
Jamie Oleksiak,SEA,D,73,9,16,25,14,62,72,2,0,0,0,0,121,110
Jesper Fast,CAR,RW,78,9,18,27,8,16,74,1,0,0,0,3,102,38
Brendan Gallagher,MON,RW,35,8,6,14,-4,39,84,2,0,2,0,0,18,12
Adam Larsson,SEA,D,80,8,25,33,29,45,141,2,0,0,1,0,217,170
Mattias Ekholm,EDM,D,76,8,22,30,25,28,131,0,0,4,0,1,89,104
Vladislav Namestnikov,WPG,C,75,8,17,25,5,31,106,0,1,2,0,0,106,37
Craig Smith,WAS,RW,62,8,7,15,5,18,95,2,0,1,0,0,47,20
Brett Ritchie,ARI,RW,49,8,5,13,-1,25,68,0,0,1,0,0,77,9
Esa Lindell,DAL,D,80,8,16,24,29,10,113,2,0,0,0,2,85,147
Ondrej Palat,NJ,LW,48,8,15,23,5,4,76,1,1,2,0,0,70,43
Jacob Trouba,NYR,D,81,8,22,30,7,63,198,2,2,3,1,1,217,190
Mike Matheson,MON,D,46,8,26,34,7,33,121,2,0,9,0,2,52,75
Josh Bailey,NYI,LW,63,8,17,25,3,2,72,2,0,3,0,0,11,29
Sam Gagner,WPG,C,48,8,6,14,-4,13,78,2,1,2,0,0,16,14
Tyler Motte,NYR,C,61,8,11,19,3,6,107,1,0,0,1,0,118,59
Ryan Graves,NJ,D,77,8,18,26,32,26,139,2,0,0,0,2,82,148
Mattias Janmark,EDM,C,64,8,15,23,8,30,75,1,0,0,2,1,19,25
Shea Theodore,VGK,D,54,8,33,41,17,18,134,2,2,7,0,0,16,84
Adam Erne,DET,RW,60,8,10,18,-11,21,53,2,0,0,0,1,160,53
Keegan Kolesar,VGK,RW,72,8,10,18,6,68,61,0,0,0,0,0,269,30
Evgeny Svechnikov,SJ,LW,57,8,6,14,-5,26,64,0,0,0,0,0,98,19
Colin White,FLA,C,67,8,7,15,0,12,64,0,0,0,0,0,61,29
Max Jones,ANH,LW,67,8,10,18,-21,63,100,2,0,0,0,0,110,17
Joel Kiviranta,DAL,RW,68,8,1,9,-9,36,84,0,0,0,1,0,116,19
Peyton Krebs,BUF,C,71,8,17,25,-10,48,75,0,1,2,1,0,89,20
Cole Perfetti,WPG,LW,51,8,22,30,10,16,90,0,1,4,0,0,35,22
Noah Gregor,SJ,C,55,8,7,15,-11,32,111,1,0,0,0,1,94,32
Calle Rosen,STL,D,47,8,10,18,21,8,61,2,0,0,0,0,15,49
Morgan Barron,WPG,LW,68,8,11,19,3,31,109,2,0,1,1,1,117,42
Mason Shaw,MIN,C,59,7,10,17,-1,79,92,0,0,0,0,2,87,27
Quinn Hughes,VAN,D,76,7,66,73,13,32,153,0,2,31,0,1,28,70
Oliver Wahlstrom,NYI,RW,35,7,9,16,5,32,70,1,1,0,0,0,50,15
Mark Kastelic,OTT,C,64,7,4,11,-6,102,69,2,0,0,0,0,147,37
David Kampf,TOR,RW,80,7,19,26,6,8,106,1,0,0,0,3,74,27
Jaret Anderson-Dolan,LA,C,46,7,5,12,-11,2,54,2,0,1,0,0,61,29
Ryan Poehling,PIT,C,51,7,7,14,-1,8,60,0,0,0,2,1,56,40
Lukas Reichel,CHI,RW,23,7,8,15,-8,6,42,0,0,3,0,0,7,15
Janis Moser,ARI,D,81,7,24,31,-13,35,92,1,3,8,0,0,80,134
Pavel Dorofeyev,VGK,LW,16,7,2,9,5,4,38,3,2,1,0,0,3,6
Walker Duehr,CGY,RW,27,7,4,11,0,4,47,2,0,0,0,0,55,4
Charlie McAvoy,BOS,D,65,7,43,50,27,54,102,2,2,17,0,0,84,131
Tyson Jost,BUF,C,70,7,18,25,-11,34,96,0,0,0,0,0,60,32
Tyler Bertuzzi,BOS,LW,48,7,21,28,-9,29,105,0,3,6,0,0,52,21
Trevor van Riemsdyk,WAS,D,75,7,16,23,10,15,97,0,0,1,0,0,21,160
Noah Hanifin,CGY,D,80,7,31,38,2,33,172,0,1,7,0,1,76,127
Denis Gurianov,MON,RW,64,7,10,17,-9,10,111,0,1,2,0,0,42,25
Danton Heinen,PIT,C,63,7,14,21,-5,12,91,0,1,1,0,0,73,25
Travis Sanheim,PHI,D,79,7,15,22,-7,40,110,1,0,1,1,0,60,134
Robby Fabbri,DET,LW,28,7,9,16,-1,22,35,3,3,5,0,0,49,15
Milan Lucic,CGY,LW,76,7,12,19,-13,41,72,0,0,0,0,0,168,15
Nicklas Backstrom,WAS,C,37,7,13,20,-23,14,58,0,6,5,0,0,23,22
Tyler Pitlick,STL,C,60,7,9,16,-1,14,54,0,0,0,0,0,103,29
Evgenii Dadonov,DAL,RW,71,7,24,31,-10,16,102,0,0,7,0,0,33,41
Matt Martin,NYI,LW,80,7,12,19,4,63,82,1,0,0,0,0,292,42
Marcus Foligno,MIN,LW,63,7,13,20,-8,87,80,0,0,3,0,0,230,40
Justin Schultz,SEA,D,72,7,27,34,5,40,97,4,1,12,0,0,30,71
Damon Severson,NJ,D,79,7,24,31,7,38,101,2,1,3,1,0,44,109
Erik Gustafsson,TOR,D,70,7,35,42,9,23,122,2,0,14,0,0,52,63
Jaccob Slavin,CAR,D,74,7,19,26,13,8,129,1,0,0,0,1,36,102
Nate Schmidt,WPG,D,70,7,11,18,14,8,99,0,3,2,0,0,44,82
Torey Krug,STL,D,61,7,25,32,-25,47,122,1,4,10,0,0,38,83
Joel Armia,MON,RW,41,7,7,14,-6,22,67,0,0,1,1,0,36,24
Connor Murphy,CHI,D,78,6,5,11,-11,69,80,0,0,0,2,0,160,153
Nicolas Deslauriers,PHI,LW,78,6,6,12,-11,136,68,0,0,0,1,0,297,25
Dmitry Orlov,BOS,D,64,6,28,34,8,18,118,2,1,7,0,1,136,81
Alex Chiasson,DET,RW,18,6,3,9,-5,6,24,0,5,2,0,0,12,7
Josh Archibald,PIT,RW,61,6,5,11,6,43,70,0,0,0,0,0,192,28
Scott Mayfield,NYI,D,81,6,17,23,6,83,113,1,0,0,0,0,107,168
Sean Monahan,MON,C,25,6,11,17,-5,16,55,0,1,3,0,0,10,8
Alex Belzile,MON,LW,31,6,8,14,0,13,40,0,0,0,0,0,27,22
Colin Miller,DAL,D,77,6,15,21,23,37,102,3,1,0,0,0,108,70
Adam Pelech,NYI,D,60,6,14,20,15,36,94,0,0,0,0,1,75,109
Phil Di Giuseppe,VAN,LW,28,6,4,10,-1,14,67,0,0,0,0,1,50,7
Mark Jankowski,NSH,C,48,6,5,11,-2,18,52,3,0,0,2,0,44,31
Olli Maatta,DET,D,76,6,17,23,-6,14,60,0,0,0,0,0,75,124
Travis Hamonic,OTT,D,75,6,15,21,-5,71,136,1,0,1,0,3,109,143
Casey Cizikas,NYI,C,80,6,15,21,0,54,109,0,0,0,0,2,186,58
Jani Hakanpaa,DAL,D,80,6,10,16,18,60,85,1,0,0,0,0,218,127
Cal Clutterbuck,NYI,RW,48,6,6,12,9,30,43,1,0,0,0,0,190,32
Michael Stone,CGY,D,47,6,5,11,3,35,88,1,0,2,0,0,52,55
Devon Toews,COL,D,77,6,41,47,38,20,157,0,1,5,0,0,91,135
Oskar Lindblom,SJ,LW,73,6,9,15,-16,18,75,0,0,1,0,0,64,24
Tomas Nosek,BOS,LW,65,6,10,16,7,48,68,0,0,0,2,0,69,31
Brett Howden,VGK,C,53,6,7,13,5,55,51,0,0,0,0,0,105,33
Samuel Girard,COL,D,73,6,30,36,-13,16,114,1,1,7,0,1,64,115
Nathan Bastian,NJ,RW,41,6,6,12,5,31,61,1,0,0,0,0,95,37
Joey Anderson,CHI,RW,36,6,3,9,-7,0,40,1,0,0,0,0,33,17
Jordan Greenway,BUF,LW,59,6,5,11,-4,26,93,0,0,0,0,0,102,37
Vladislav Gavrikov,LA,D,71,6,13,19,3,38,89,2,0,0,1,1,73,114
Jalen Chatfield,CAR,D,76,6,8,14,22,35,88,2,0,0,1,1,77,61
Dylan Guenther,ARI,RW,33,6,9,15,-7,10,53,1,4,2,0,0,18,11
Luke Evangelista,NSH,RW,22,6,7,13,7,6,50,1,0,2,0,0,8,5
Connor Dewar,MIN,C,79,6,12,18,-3,50,82,0,0,0,3,1,123,49
Martin Fehervary,WAS,D,65,6,10,16,-10,31,85,1,0,0,0,0,209,119
Nils Lundkvist,DAL,D,60,6,10,16,-5,26,94,2,1,2,0,0,49,67
Rasmus Sandin,WAS,D,69,6,28,34,4,30,75,0,0,11,0,0,135,82
Jesse Ylonen,MON,LW,37,6,10,16,-11,0,43,1,1,0,0,0,14,28
Jake Neighbours,STL,LW,41,6,4,10,-18,22,51,1,1,1,0,0,59,18
Brett Leason,ANH,RW,54,6,3,9,-21,14,51,1,0,0,0,0,35,18
Simon Holmstrom,NYI,RW,50,6,3,9,-4,0,39,2,0,0,0,0,9,22
Tanner Jeannot,TB,LW,76,6,12,18,-7,107,107,1,0,0,0,1,290,62
Michael Pezzetta,MON,C,61,6,7,13,-3,75,65,0,0,1,0,0,231,26
Evan Bouchard,EDM,D,80,6,32,38,5,28,152,0,1,11,0,1,94,72
Liam Foudy,CLS,C,59,6,7,13,-26,8,61,0,0,0,0,0,60,18
Fabian Zetterlund,SJ,LW,65,6,17,23,-5,12,117,1,1,2,0,0,52,19
Emil Bemstrom,CLS,C,52,6,15,21,-10,6,88,0,2,3,0,0,16,19
Adam Ruzicka,CGY,C,44,6,14,20,-1,8,64,2,2,4,0,0,28,8
Mikey Anderson,LA,D,76,5,15,20,21,40,89,1,1,0,0,1,162,129
Sebastian Aho,NYI,D,70,5,17,22,9,22,89,0,0,1,0,0,38,67
Adam Boqvist,CLS,D,43,5,17,22,-14,8,67,1,0,9,0,0,23,43
Zach Whitecloud,VGK,D,59,5,7,12,10,41,64,1,0,0,0,0,90,97
Axel Jonsson-Fjallby,WPG,LW,49,5,8,13,-2,8,53,2,0,0,0,1,41,18
Mathieu Olivier,CLS,RW,66,5,10,15,-20,81,75,1,0,0,0,0,178,58
Pierre-Olivier Joseph,PIT,D,73,5,16,21,8,44,103,1,1,2,0,0,88,36
Timothy Liljegren,TOR,D,65,5,12,17,22,30,82,0,0,1,1,1,105,90
Philip Tomasino,NSH,C,29,5,13,18,5,6,51,0,4,2,0,0,27,16
Elmer Soderblom,DET,LW,21,5,3,8,0,8,30,2,0,0,0,0,21,11
Braden Schneider,NYR,D,80,5,13,18,10,16,79,1,0,0,0,0,145,127
Drew O'Connor,PIT,C,45,5,6,11,-3,12,61,0,0,0,0,0,61,14
Juuso Parssinen,NSH,LW,43,5,18,23,1,15,48,2,1,7,0,0,76,18
Pontus Holmberg,TOR,LW,37,5,8,13,0,18,27,2,1,0,0,0,24,18
Moritz Seider,DET,D,80,5,37,42,-8,40,138,1,1,14,1,1,199,188
Arber Xhekaj,MON,D,51,5,8,13,-9,101,75,0,2,1,0,0,159,46
A.J. Greer,BOS,LW,59,5,7,12,7,109,64,1,0,0,0,0,99,23
Kevin Stenlund,WPG,C,52,5,2,7,0,20,61,0,0,0,1,0,31,28
Rem Pitlick,MON,C,44,5,7,12,-16,18,29,1,1,0,0,0,23,17
Boris Katchouk,CHI,LW,56,5,11,16,-9,27,65,2,0,0,0,1,81,14
Andrew Peeke,CLS,D,77,5,6,11,-40,22,85,1,0,0,0,1,175,192
Luke Kunin,SJ,C,31,5,8,13,-9,32,58,0,2,2,0,0,63,27
Jesse Puljujarvi,CAR,RW,73,5,11,16,-15,32,123,1,0,0,0,0,138,25
Connor Clifton,BOS,D,76,5,17,22,20,58,91,0,0,0,1,0,203,117
Brett Pesce,CAR,D,80,5,25,30,12,43,141,2,1,3,0,2,34,108
Ryan Pulock,NYI,D,81,5,21,26,11,14,126,1,1,4,0,0,138,127
Ivan Provorov,PHI,D,80,5,19,24,-18,24,114,0,0,2,0,2,95,156
Patrick Maroon,TB,LW,78,5,9,14,-6,143,62,0,0,1,0,0,169,12
Ryan Reaves,MIN,RW,71,5,10,15,-4,36,47,0,0,0,0,0,193,22
Derek Stepan,CAR,C,73,5,6,11,8,8,98,0,0,0,0,1,29,21
Derek Forbort,BOS,D,54,5,7,12,12,23,38,2,0,0,2,0,106,88
Jeff Petry,PIT,D,59,5,24,29,3,24,108,0,2,6,0,0,185,107
Ben Chiarot,DET,D,74,5,14,19,-27,51,105,0,0,0,0,0,142,162
Jujhar Khaira,CHI,C,50,5,8,13,-11,31,54,0,1,1,1,0,107,39
Dylan DeMelo,WPG,D,73,5,22,27,9,48,90,0,0,0,1,2,118,98
Derek Grant,ANH,C,44,5,13,18,-4,24,68,0,0,2,0,0,35,26
Josh Leivo,STL,LW,51,4,12,16,0,25,91,0,0,0,0,0,55,13
Nick Seeler,PHI,D,76,4,10,14,1,54,83,0,0,0,0,1,124,157
Scott Harrington,ANH,D,45,4,7,11,-6,10,33,1,0,0,0,0,51,78
Teddy Blueger,VGK,C,61,4,12,16,-9,30,81,1,0,0,0,1,68,45
Morgan Rielly,TOR,D,63,4,37,41,-8,15,126,1,1,16,0,0,68,85
Brad Hunt,COL,D,45,4,5,9,3,12,45,0,0,0,0,0,15,9
Matt Dumba,MIN,D,77,4,10,14,-7,79,95,2,0,0,0,0,101,111
Matt Grzelcyk,BOS,D,73,4,22,26,47,28,101,2,0,0,0,0,50,77
Colton Parayko,STL,D,77,4,23,27,-20,30,130,1,0,2,0,1,115,141
Nick Jensen,WAS,D,75,4,23,27,-1,18,107,0,0,0,0,1,106,126
Mark Giordano,TOR,D,78,4,20,24,27,53,107,1,0,0,1,0,60,147
Kevin Shattenkirk,ANH,D,73,4,22,26,-21,56,141,0,1,7,0,0,77,112
Nicolas Aube-Kubel,WAS,C,51,4,8,12,2,40,66,0,0,0,0,0,114,9
Saku Maenalanen,WPG,LW,62,4,6,10,1,14,60,0,0,0,0,0,112,31
Josh Brown,ARI,D,67,4,3,7,-16,80,67,0,0,0,0,0,151,115
MacKenzie Weegar,CGY,D,80,4,26,30,12,43,157,1,0,3,0,1,185,114
Pierre-Edouard Bellemare,TB,C,71,4,9,13,-9,34,51,0,0,0,0,2,66,48
Patrick Brown,OTT,C,60,4,8,12,-2,44,59,0,0,0,1,0,164,42
Michael McLeod,NJ,C,80,4,22,26,6,43,90,1,0,0,0,1,127,51
Josh Mahura,FLA,D,81,4,12,16,17,48,78,1,0,0,0,0,101,69
John Marino,NJ,D,63,4,14,18,19,20,67,0,0,0,0,1,44,81
Mason Appleton,WPG,C,39,4,11,15,1,8,70,0,1,0,0,0,46,11
Caleb Jones,CHI,D,71,4,11,15,-20,36,85,1,1,3,0,0,114,116
Owen Power,BUF,D,76,4,31,35,11,24,124,1,0,8,0,1,26,84
Nils Aman,VAN,C,66,4,12,16,-10,18,49,1,0,0,0,2,41,39
Juraj Slafkovsky,MON,LW,39,4,6,10,-13,33,42,0,1,1,0,0,53,24
Nick Blankenburg,CLS,D,36,4,10,14,-16,16,50,1,0,4,0,0,61,49
Vasily Podkolzin,VAN,RW,39,4,3,7,-5,9,41,0,0,0,0,0,52,15
Reese Johnson,CHI,RW,55,4,2,6,-17,38,51,1,0,0,0,0,171,23
Jordan Harris,MON,D,65,4,13,17,-3,26,70,0,0,1,0,0,53,98
Jakub Lauko,BOS,C,22,4,2,6,0,11,17,1,0,0,0,0,43,6
Alexei Protas,WAS,C,56,4,11,15,-7,12,80,0,0,0,0,0,39,15
Cole Smith,NSH,LW,69,4,13,17,-3,60,64,1,0,0,0,2,198,25
Kaiden Guhle,MON,D,44,4,14,18,-19,27,48,0,0,0,0,0,84,77
Jake Sanderson,OTT,D,76,4,27,31,-6,12,125,0,2,14,0,0,43,144
Yegor Chinakhov,CLS,RW,30,4,9,13,-6,10,44,0,1,1,0,0,27,17
Juuso Valimaki,ARI,D,77,4,30,34,-11,59,93,1,1,11,0,0,52,97
Vitali Kravtsov,VAN,RW,44,4,4,8,3,10,43,0,1,2,0,0,28,15
Mikey Eyssimont,TB,C,52,4,10,14,3,59,119,0,0,0,0,0,106,19
Zack MacEwen,LA,C,55,4,6,10,-11,66,71,3,0,0,0,0,149,27
Nick Perbix,TB,D,67,4,15,19,9,20,109,2,0,0,0,0,70,63
Kiefer Sherwood,NSH,LW,30,4,6,10,4,30,54,0,0,1,0,0,101,12
Isac Lundestrom,ANH,LW,59,4,10,14,-13,2,58,0,0,0,1,0,20,39
Martin Kaut,SJ,RW,36,4,4,8,-4,4,44,1,1,0,0,0,23,5
Cole Guttman,CHI,C,14,4,2,6,1,2,26,1,0,0,0,0,4,8
Jack Studnicka,VAN,C,46,4,4,8,-10,16,62,1,0,0,0,0,56,18
Mario Ferraro,SJ,D,70,4,7,11,-30,24,64,0,0,1,0,0,128,142
Mackenzie Entwistle,CHI,RW,64,3,6,9,-14,14,47,0,0,1,0,0,120,26
Johnny Kovacevic,MON,D,75,3,12,15,2,39,92,0,0,0,0,0,91,82
Jonah Gadjovich,SJ,LW,35,3,4,7,-3,57,32,0,0,0,0,0,92,5
Rasmus Kupari,LA,C,65,3,12,15,-5,12,52,0,0,0,0,1,79,33
Filip Zadina,DET,RW,30,3,4,7,-5,10,51,2,0,0,0,0,22,15
Karson Kuhlman,WPG,C,46,3,4,7,-3,8,48,2,0,0,0,0,40,18
Jordan Gross,NSH,D,15,3,0,3,-3,2,24,0,1,0,0,0,10,16
Sean Walker,LA,D,69,3,10,13,-3,36,94,1,0,1,0,0,77,103
Jan Rutta,PIT,D,55,3,6,9,4,30,64,0,0,0,0,0,71,70
Nicolas Hague,VGK,D,79,3,13,16,7,51,103,1,0,0,0,0,114,128
Dylan Holloway,EDM,C,51,3,6,9,0,27,44,1,0,0,0,0,83,16
Tyson Foerster,PHI,RW,8,3,4,7,2,8,15,0,0,1,0,0,12,10
Justin Barron,MON,D,37,3,11,14,-3,18,39,1,1,1,0,0,47,34
Connor Mackey,ARI,D,29,3,4,7,-6,46,29,0,0,0,0,0,60,28
Quinton Byfield,LA,C,52,3,19,22,13,30,73,0,1,0,0,0,51,16
Alexander Holtz,NJ,RW,19,3,1,4,-6,8,21,0,2,0,0,0,6,4
Nikita Alexandrov,STL,C,28,3,4,7,0,8,28,0,0,0,0,0,28,13
Nils Hoglander,VAN,LW,25,3,6,9,-4,6,29,0,0,0,0,0,21,8
Jakob Pelletier,CGY,LW,23,3,4,7,-6,2,46,1,2,1,0,0,13,13
Calen Addison,MIN,D,61,3,26,29,-17,22,76,1,0,18,0,0,18,38
Simon Benoit,ANH,D,76,3,7,10,-28,60,80,0,0,0,0,0,212,125
Ben Meyers,COL,LW,37,3,0,3,-5,6,32,0,0,0,0,0,23,12
Marcus Bjork,CLS,D,33,3,8,11,-9,42,34,0,1,5,0,0,45,47
Cole Sillinger,CLS,C,64,3,8,11,-23,22,93,0,2,1,0,0,105,36
Mathieu Joseph,OTT,RW,55,3,15,18,5,36,66,0,1,2,2,1,78,26
Ethan Bear,VAN,D,59,3,13,16,7,23,74,1,0,0,0,1,38,82
Rudolfs Balcers,TB,LW,17,3,2,5,-1,4,24,0,0,0,0,0,7,4
Will Borgen,SEA,D,80,3,17,20,12,45,76,1,0,0,0,0,203,87
Anthony Richard,MON,C,13,3,2,5,2,6,13,1,0,0,0,0,25,3
Lane Pederson,CLS,C,27,3,3,6,-1,26,27,0,0,0,0,0,68,11
Jonas Siegenthaler,NJ,D,78,3,17,20,26,44,82,1,1,0,0,0,98,147
Brandon Carlo,BOS,D,73,3,13,16,42,38,90,0,0,0,0,2,124,115
Jeremy Lauzon,NSH,D,67,3,9,12,-11,66,77,0,0,0,0,1,250,75
Jansen Harkins,WPG,C,22,3,2,5,4,12,18,0,0,0,0,0,16,11
Dylan Gambrell,OTT,C,59,3,6,9,-4,23,45,0,0,0,0,2,58,44
Kieffer Bellows,PHI,LW,28,3,0,3,-8,6,32,1,0,0,0,0,48,10
Artem Zub,OTT,D,52,3,7,10,2,37,40,0,0,0,0,0,128,65
Dryden Hunt,CGY,LW,37,3,0,3,-10,24,23,0,0,0,0,0,100,4
Troy Stecher,CGY,D,80,3,11,14,-5,44,86,1,0,0,0,0,69,92
Carson Soucy,SEA,D,77,3,13,16,18,68,87,0,0,0,0,1,143,93
Rasmus Ristolainen,PHI,D,72,3,16,19,-5,32,83,0,1,3,1,2,157,141
Curtis Lazar,NJ,C,48,3,2,5,-5,14,55,0,0,0,0,0,136,51
Zach Werenski,CLS,D,13,3,5,8,-6,0,41,0,0,2,0,0,5,24
Austin Czarnik,DET,C,27,3,2,5,-3,8,25,0,0,1,0,0,14,12
Jacob Middleton,MIN,D,77,3,12,15,16,72,79,0,0,0,0,1,112,149
Ian Cole,TB,D,76,3,14,17,11,61,108,0,0,0,0,0,115,121
Max Pacioretty,CAR,LW,5,3,0,3,0,2,16,0,1,0,0,0,4,1
Luke Schenn,TOR,D,68,3,18,21,8,77,78,0,0,0,0,2,311,94
Ryan Suter,DAL,D,80,3,21,24,-2,26,89,1,0,4,0,1,81,109
Marc Staal,FLA,D,81,3,12,15,8,43,54,0,0,0,0,0,148,120
Dmitry Kulikov,PIT,D,65,3,13,16,-11,30,82,0,0,0,0,0,93,107
David Savard,MON,D,62,3,17,20,-14,40,63,1,0,0,0,1,61,176
Ben Hutton,VGK,D,29,3,5,8,1,6,51,0,0,1,0,0,16,31
Brett Kulak,EDM,D,80,3,17,20,14,41,113,0,0,0,0,3,104,103
Luke Glendening,DAL,C,69,3,3,6,-9,50,65,0,0,0,2,0,112,58
Chris Tierney,MON,C,34,3,6,9,-7,6,18,0,0,0,0,1,15,20
Jake McCabe,TOR,D,74,3,21,24,16,54,95,1,0,0,0,0,161,145
Lukas Sedlak,FA,C,30,3,5,8,4,12,44,0,0,0,0,1,58,31
Sam Carrick,ANH,C,51,3,4,7,-17,74,50,0,0,0,0,0,97,24
Jonas Brodin,MIN,D,59,3,11,14,14,30,89,0,0,0,0,2,50,128
Brenden Dillon,WPG,D,80,2,20,22,1,74,81,0,0,0,0,1,196,106
Josh Manson,COL,D,27,2,8,10,13,42,41,2,0,0,0,0,64,41
Colin Blackwell,CHI,C,53,2,8,10,-16,6,53,0,0,0,0,1,49,17
Joel Edmundson,MON,D,59,2,10,12,-26,49,69,0,0,0,0,1,111,148
Jonathan Drouin,MON,C,56,2,27,29,-16,18,69,0,0,9,0,0,27,22
Vinnie Hinostroza,BUF,RW,26,2,9,11,-1,6,38,1,0,0,0,1,1,7
Jayson Megna,ANH,LW,55,2,6,8,-21,6,36,0,0,0,0,0,47,23
Zac Dalpe,FLA,C,14,2,2,4,-4,2,17,0,0,0,0,0,15,6
Jarred Tinordi,CHI,D,44,2,6,8,-17,40,32,1,0,0,0,0,139,68
Radko Gudas,FLA,D,71,2,12,14,14,79,109,0,0,0,0,0,302,122
Jon Merrill,MIN,D,71,2,9,11,-1,34,42,0,0,0,0,0,44,102
Justin Holl,TOR,D,78,2,16,18,16,39,60,1,0,0,0,0,143,136
Nick Leddy,STL,D,76,2,21,23,3,20,78,1,0,0,0,0,43,93
Matt Irwin,WAS,D,59,2,3,5,-9,34,78,0,0,0,0,0,114,73
Robert Bortuzzo,STL,D,43,2,3,5,9,29,30,0,0,0,0,0,64,49
T.J. Brodie,TOR,D,56,2,12,14,11,12,57,0,0,0,0,1,46,109
Oliver Ekman-Larsson,VAN,D,54,2,20,22,-24,22,90,0,0,4,0,1,58,43
Calvin de Haan,CAR,D,53,2,10,12,7,20,51,0,0,0,0,0,84,49
Zack Kassian,ARI,RW,51,2,0,2,-18,50,25,0,0,0,0,0,32,8
Jack Johnson,COL,D,80,2,6,8,-17,28,88,0,0,0,0,2,111,121
Alexander Edler,LA,D,64,2,9,11,-1,34,56,1,0,0,0,0,106,104
Nick Holden,OTT,D,64,2,14,16,-1,10,69,0,0,0,0,1,79,68
Alec Martinez,VGK,D,75,2,11,13,26,29,72,1,0,0,0,0,48,241
Alex Goligoski,MIN,D,45,2,4,6,-8,16,63,2,0,1,0,0,32,65
Ryan McDonagh,NSH,D,69,2,17,19,14,22,75,1,0,0,0,0,63,159
Jake Evans,MON,LW,52,2,15,17,-5,28,53,0,1,0,0,1,26,36
Brendan Lemieux,PHI,LW,43,2,7,9,-3,74,42,0,0,0,0,0,128,14
Michael McCarron,NSH,C,30,2,1,3,-4,24,38,0,0,0,0,0,71,19
John Hayden,SEA,C,7,2,0,2,2,7,9,0,0,0,0,0,4,3
Zach Sanford,NSH,LW,14,2,1,3,-3,4,16,1,0,0,0,0,16,20
Nathan Walker,STL,C,54,2,8,10,10,25,43,1,0,0,0,0,80,33
Kyle Burroughs,VAN,D,46,2,1,3,-5,55,44,0,0,0,0,0,159,81
Jordan Oesterle,DET,D,50,2,9,11,-7,17,51,0,0,0,0,0,36,66
Ilya Lyubushkin,BUF,D,65,2,12,14,-3,38,41,1,0,0,1,1,96,94
Logan Brown,STL,C,30,2,4,6,-4,8,18,0,0,0,0,0,22,7
Dante Fabbro,NSH,D,77,2,9,11,0,48,98,0,0,1,0,0,111,125
Rasmus Asplund,NSH,C,44,2,6,8,-6,4,51,0,0,0,1,0,22,11
Erik Cernak,TB,D,69,2,14,16,8,53,87,0,0,0,1,1,208,99
Kyle Capobianco,WPG,D,13,2,0,2,2,6,13,1,0,0,0,0,10,5
Alexandre Carrier,NSH,D,43,2,7,9,0,27,48,1,0,0,0,0,57,67
Simon Edvinsson,DET,D,9,2,0,2,-7,12,5,0,0,0,0,0,11,8
William Eklund,SJ,LW,8,2,1,3,-5,6,18,0,0,1,0,0,7,6
Kevin Bahl,NJ,D,40,2,5,7,5,35,24,0,0,0,0,0,62,38
Alexander Romanov,NYI,D,76,2,20,22,13,43,100,0,0,0,0,1,198,129
Jack Drury,CAR,C,36,2,4,6,1,14,65,1,0,1,0,0,11,15
Cam York,PHI,D,52,2,17,19,-2,16,41,0,0,3,0,1,42,64
Samuel Bolduc,NYI,D,16,2,1,3,5,2,20,1,0,0,0,0,26,16
Samuel Fagemo,LA,LW,9,2,1,3,-4,0,5,0,0,0,0,0,5,6
Aatu Raty,VAN,C,15,2,1,3,0,4,16,0,0,0,0,0,19,5
Ridly Greig,OTT,C,20,2,7,9,1,12,30,0,0,3,0,0,33,3
Nick Robertson,TOR,LW,15,2,3,5,2,0,27,1,0,0,0,0,18,7
Conor Timmins,TOR,D,25,2,12,14,-1,8,18,1,0,4,0,0,21,18
Josh Norris,OTT,C,8,2,1,3,-1,6,15,0,0,0,0,0,7,6
Henri Jokiharju,BUF,D,57,2,10,12,-7,30,75,0,0,0,0,0,62,54
Cal Foote,NSH,D,48,2,4,6,4,61,39,0,0,0,0,0,55,49
Erik Brannstrom,OTT,D,73,2,16,18,5,36,74,0,0,1,0,0,48,101
Justin Danforth,CLS,RW,6,2,1,3,-3,4,10,0,0,0,0,0,7,1
Matt Luff,DET,RW,18,2,2,4,-3,0,20,0,0,0,0,0,22,8
Gavin Bayreuther,CLS,D,48,2,11,13,-17,23,58,0,0,1,0,0,52,69
Michael Carcone,ARI,C,9,2,1,3,3,2,15,0,0,0,0,0,16,1
Tanner Laczynski,PHI,C,30,2,2,4,-5,2,23,0,0,0,0,0,24,8
Dylan Samberg,WPG,D,61,2,6,8,9,23,48,0,0,0,0,1,89,91
Robin Salo,NYI,D,11,2,2,4,1,4,9,0,0,0,0,0,6,13
Daniil Miromanov,VGK,D,14,2,4,6,-6,2,22,0,1,2,0,0,7,13
Jacob Peterson,SJ,LW,10,2,6,8,-8,4,16,0,2,0,0,0,10,3
Samuel Walker,MIN,RW,8,1,0,1,0,0,7,0,0,0,0,0,2,1
Ian Mitchell,CHI,D,33,1,6,7,-9,6,24,0,0,1,0,0,16,36
Jack Rathbone,VAN,D,11,1,1,2,-1,2,12,0,0,0,0,0,7,7
Jacob Bryson,BUF,D,57,1,8,9,-24,8,27,0,0,0,0,1,31,69
Parker Kelly,OTT,C,55,1,3,4,-9,37,59,1,0,0,0,1,172,25
David Gust,CHI,RW,4,1,0,1,-2,2,7,0,0,0,0,0,3,1
Lawrence Pilut,BUF,D,17,1,2,3,-4,0,14,1,0,0,0,0,6,16
Ty Smith,PIT,D,9,1,3,4,3,4,27,0,0,3,0,0,19,4
Oskar Steen,BOS,C,3,1,0,1,0,0,5,0,0,0,0,0,3,0
Beck Malenstyn,WAS,C,7,1,1,2,1,2,6,1,0,0,0,0,22,4
Riley Stillman,BUF,D,48,1,7,8,-16,34,34,0,0,0,0,0,79,41
Radim Simek,SJ,D,42,1,1,2,-13,29,38,0,0,0,0,0,88,69
Gustav Lindstrom,DET,D,34,1,7,8,-14,16,18,0,0,0,0,0,35,30
Aleksi Heponiemi,FLA,LW,10,1,2,3,-1,2,6,0,0,0,0,0,2,1
Radim Zohorna,TOR,RW,10,1,0,1,-1,0,9,0,0,0,0,0,7,2
Nikita Okhotyuk,SJ,D,10,1,0,1,1,2,6,1,0,0,0,0,31,9
Zac Jones,NYR,D,16,1,1,2,-2,4,15,1,0,0,0,0,5,16
Lukas Rousek,BUF,LW,1,1,1,2,1,0,1,0,0,0,0,0,0,1
Nikita Nesterenko,ANH,LW,7,1,0,1,-3,0,16,0,0,0,0,0,5,0
Aidan McDonough,VAN,LW,4,1,0,1,0,0,3,0,0,0,0,0,5,2
Matej Blumel,DAL,LW,6,1,0,1,-2,0,7,0,0,0,0,0,7,2
Philip Broberg,EDM,D,45,1,7,8,7,2,30,0,0,0,0,0,28,35
Nolan Foote,NJ,LW,6,1,0,1,2,0,4,0,0,0,0,0,5,3
Yegor Afanasyev,NSH,LW,17,1,0,1,-7,2,21,0,0,0,0,0,23,13
Mattias Samuelsson,BUF,D,54,1,8,9,14,20,73,0,0,0,0,1,105,91
Tim Berni,CLS,D,56,1,0,1,-26,32,54,0,0,0,0,0,114,66
John Leonard,NSH,C,6,1,0,1,0,2,4,1,0,0,0,0,4,4
Cole Koepke,TB,LW,17,1,0,1,-5,2,12,0,0,0,0,0,32,5
Tyler Tucker,STL,D,24,1,3,4,-8,31,20,0,0,0,0,0,46,24
Milos Kelemen,ARI,LW,13,1,0,1,-5,23,12,0,0,0,0,0,25,5
Nikolai Knyzhov,SJ,D,10,1,0,1,-14,8,7,0,0,0,0,0,10,13
Jake Lucchini,OTT,LW,11,1,0,1,-2,0,14,1,1,0,0,0,16,1
Egor Sokolov,OTT,LW,4,1,0,1,2,0,5,1,0,0,0,0,2,2
Joe Snively,WAS,LW,10,1,2,3,3,0,13,0,0,0,0,0,3,5
Joona Luoto,CLS,RW,5,1,0,1,-5,0,4,0,0,0,0,0,8,2
Matt Kiersted,FLA,D,20,1,3,4,4,6,14,0,0,0,0,0,13,7
Isaak Phillips,CHI,D,16,1,4,5,-10,5,16,0,0,0,0,0,27,6
Danil Gushchin,SJ,RW,2,1,1,2,-1,0,8,0,1,1,0,0,0,5
Sean Farrell,MON,LW,4,1,0,1,-2,0,3,0,0,0,0,0,0,0
Filip Roos,CHI,D,17,1,2,3,-5,4,19,0,0,0,0,0,14,20
Cole McWard,VAN,D,3,1,0,1,0,0,3,0,0,0,0,0,4,3
Pavol Regenda,ANH,LW,14,1,2,3,-3,4,17,0,0,0,0,0,8,13
Shane Wright,SEA,C,8,1,1,2,4,2,4,0,0,0,0,0,1,6
Niko Mikkola,NYR,D,80,1,5,6,8,56,61,0,0,0,0,0,149,105
Austin Wagner,CHI,LW,5,1,0,1,-4,0,9,1,0,0,0,0,15,1
Dennis Gilbert,CGY,D,23,1,3,4,0,27,13,1,0,0,0,0,55,26
Philippe Myers,TB,D,11,1,2,3,0,4,21,0,0,0,0,0,31,6
Nikita Zaitsev,CHI,D,44,1,6,7,-10,20,20,0,0,0,0,0,91,69
Brett Seney,CHI,LW,7,1,0,1,-2,2,9,0,0,0,0,0,11,4
Guillaume Brisebois,VAN,D,17,1,2,3,-2,6,15,0,0,0,0,0,11,27
Travis Dermott,VAN,D,11,1,0,1,-4,2,7,0,0,0,0,0,10,10
Libor Hajek,NYR,D,16,1,0,1,2,4,13,0,0,0,0,0,17,20
Givani Smith,FLA,LW,35,1,3,4,-2,72,30,0,0,0,0,0,66,7
Ryan Lindgren,NYR,D,62,1,17,18,29,45,74,0,0,0,1,1,67,92
Logan Stanley,WPG,D,18,1,2,3,-1,21,11,0,0,0,0,0,44,19
Jake Bean,CLS,D,14,1,5,6,-2,6,16,0,0,1,0,0,13,21
Kyle Criscuolo,SJ,C,1,1,0,1,0,0,2,1,0,0,0,0,2,1
Alexander Nylander,PIT,RW,7,1,1,2,2,2,10,0,0,0,0,0,11,3
Ryan Carpenter,NYR,C,22,1,2,3,-5,10,17,0,0,0,0,0,35,11
Jonny Brodzinski,NYR,RW,17,1,1,2,3,8,27,0,0,0,0,0,9,4
Ben Harpur,NYR,D,42,1,5,6,0,20,34,0,0,0,0,0,63,57
Laurent Dauphin,ARI,C,21,1,0,1,-4,10,25,0,0,0,0,0,17,10
Robert Hagg,DET,D,36,1,5,6,-5,26,38,0,0,0,0,0,106,46
Anthony Duclair,FLA,LW,19,1,7,8,4,2,42,0,0,0,0,0,19,9
Marcus Pettersson,PIT,D,67,1,23,24,4,58,95,0,0,0,0,0,130,130
Mark Friedman,PIT,D,23,1,2,3,2,15,36,0,0,0,0,0,52,22
Fredrik Olofsson,DAL,LW,28,1,3,4,0,2,34,1,0,0,0,0,32,8
Jacob MacDonald,SJ,D,56,1,7,8,-12,23,72,0,0,1,0,0,67,42
Jakub Zboril,BOS,D,22,1,3,4,-1,6,13,1,0,0,0,0,31,19
Liam O'Brien,ARI,C,55,1,8,9,-7,114,35,0,0,0,0,0,199,28
Darren Raddysh,TB,D,15,1,2,3,-6,4,20,0,0,0,0,0,18,16
Anders Bjork,CHI,LW,12,1,4,5,0,2,12,0,0,0,0,0,8,3
Jakub Voracek,ARI,LW,11,1,5,6,-7,0,17,0,1,0,0,0,2,7
Zach Bogosian,TB,D,45,1,4,5,-4,42,54,0,0,0,0,0,113,49
Marco Scandella,STL,D,20,1,1,2,2,6,17,0,0,0,0,0,27,26
Jordie Benn,TOR,D,12,1,1,2,-1,12,13,1,0,0,0,0,31,29
Tyler Myers,VAN,D,76,1,16,17,-13,72,96,0,0,0,0,1,92,141
Patric Hornqvist,FLA,RW,22,1,2,3,-4,13,40,1,0,1,0,0,18,8
Marc-Edouard Vlasic,SJ,D,78,1,17,18,-14,16,67,0,0,0,0,0,45,116
Chris Tanev,CGY,D,65,1,12,13,7,21,75,1,0,1,0,0,51,130
Andrew Agozzino,SJ,LW,4,1,2,3,-1,0,9,0,0,0,1,0,12,4
Erik Gudbranson,CLS,D,70,1,12,13,-24,57,102,1,0,0,0,0,119,137
Kurtis MacDermid,COL,D,43,1,5,6,0,53,20,1,0,0,0,0,86,30
Matt Benning,SJ,D,75,1,23,24,-18,26,58,0,0,1,0,1,101,122
Jaycob Megna,SEA,D,53,1,11,12,3,21,55,0,0,0,0,1,84,64
Chad Ruhwedel,PIT,D,47,1,4,5,-4,18,36,0,0,0,0,0,90,51
Tanner Pearson,VAN,LW,14,1,4,5,-9,21,17,0,0,1,0,0,20,3
Devin Shore,EDM,C,47,1,8,9,6,4,33,0,0,0,0,0,46,24
Cody Ceci,EDM,D,79,1,13,14,9,24,86,0,0,0,0,0,137,109
Joseph Cramarossa,FA,C,4,1,0,1,0,4,1,0,0,0,0,0,8,1
Brian Dumoulin,PIT,D,80,1,24,25,-2,16,82,0,0,0,0,2,122,140
Brayden McNabb,VGK,D,80,1,16,17,17,39,87,0,0,0,0,2,197,192
Byron Froese,VGK,C,9,1,1,2,0,4,15,0,0,0,0,0,11,5
Brad Malone,EDM,C,10,0,0,0,-4,6,7,0,0,0,0,0,26,4
Nathan Beaulieu,ANH,D,51,0,4,4,-24,39,33,0,0,0,0,0,47,79
Kevin Gravel,NSH,D,23,0,1,1,-10,4,20,0,0,0,0,0,23,36
Taylor Fedun,PIT,D,4,0,0,0,0,0,5,0,0,0,0,0,3,4
Mark Borowiecki,NSH,D,4,0,0,0,0,12,1,0,0,0,0,0,5,1
Chris Wideman,MON,D,44,0,6,6,-1,79,31,0,0,2,0,0,23,50
Mike Reilly,BOS,D,10,0,1,1,0,2,12,0,0,0,0,0,21,10
Andy Andreoff,NYI,C,3,0,1,1,-3,0,1,0,0,0,0,0,7,1
Steven Fogarty,MIN,C,2,0,0,0,0,0,0,0,0,0,0,0,3,0
Ryan Murray,EDM,D,13,0,3,3,-4,4,8,0,0,0,0,0,11,12
Alex Galchenyuk,COL,RW,10,0,0,0,-6,4,8,0,0,0,0,0,10,3
Derrick Pouliot,SJ,D,8,0,2,2,-1,6,4,0,0,0,0,0,10,9
Brendan Gaunce,CLS,C,5,0,1,1,-1,2,9,0,0,0,0,0,4,2
Buddy Robinson,CHI,RW,8,0,1,1,-1,4,10,0,0,0,0,0,13,1
Connor Brown,WAS,RW,4,0,0,0,-3,0,2,0,0,0,0,0,6,1
Charles Hudon,COL,LW,9,0,0,0,-2,2,18,0,0,0,0,0,13,2
Dominic Toninato,WPG,LW,4,0,1,1,1,2,5,0,0,0,0,0,4,1
Connor Carrick,BOS,D,1,0,1,1,3,0,2,0,0,0,0,0,4,0
Dylan McIlrath,WAS,D,6,0,1,1,-6,7,1,0,0,0,0,0,14,7
Riley Sheahan,FA,C,2,0,0,0,-2,4,0,0,0,0,0,0,0,1
Patrik Nemeth,ARI,D,75,0,5,5,-7,30,62,0,0,0,0,0,116,118
Chris Wagner,BOS,RW,1,0,0,0,0,0,0,0,0,0,0,0,6,1
Justin Braun,PHI,D,49,0,2,2,0,19,38,0,0,0,0,0,46,45
Jake Muzzin,TOR,D,4,0,1,1,0,2,8,0,0,0,0,0,11,10
Kyle Clifford,TOR,LW,2,0,1,1,1,2,2,0,0,0,0,0,6,0
Erik Johnson,COL,D,60,0,8,8,9,12,92,0,0,0,0,1,118,94
Darren Helm,COL,C,11,0,0,0,-1,4,10,0,0,0,0,0,16,3
Anton Stralman,BOS,D,8,0,0,0,-3,2,3,0,0,0,0,0,12,10
Jason Demers,EDM,D,1,0,0,0,-1,0,1,0,0,0,0,0,3,3
Brendan Smith,NJ,D,59,0,5,5,2,63,58,0,0,0,0,1,96,75
Wayne Simmonds,TOR,RW,18,0,2,2,1,49,9,0,0,0,0,0,44,7
Rourke Chartier,OTT,C,6,0,0,0,0,0,8,0,0,0,0,0,10,3
C.J. Suess,SJ,LW,1,0,0,0,-1,2,0,0,0,0,0,0,1,0
Dysin Mayo,VGK,D,15,0,0,0,-8,8,7,0,0,0,0,0,30,20
Ondrej Kase,CAR,RW,1,0,0,0,0,0,0,0,0,0,0,0,1,0
Hayden Hodgson,PHI,C,1,0,0,0,0,0,0,0,0,0,0,0,0,0
Cole Bardreau,NYI,LW,1,0,0,0,0,2,0,0,0,0,0,0,2,0
Nikita Soshnikov,FA,LW,3,0,0,0,-2,0,4,0,0,0,0,0,8,0
Max Willman,PHI,LW,9,0,0,0,-3,4,9,0,0,0,0,0,16,6
Roland McKeown,NSH,D,6,0,0,0,1,8,3,0,0,0,0,0,4,6
Justin Kirkland,ANH,LW,7,0,0,0,-3,0,5,0,0,0,0,0,8,3
Andreas Englund,CHI,D,45,0,3,3,-2,35,30,0,0,0,0,0,127,29
Steve Santini,STL,D,4,0,1,1,0,2,5,0,0,0,0,0,6,10
Nicolas Petan,MIN,C,9,0,2,2,2,2,6,0,0,0,0,0,3,4
Gustav Olofsson,SEA,D,3,0,0,0,1,0,6,0,0,0,0,0,2,4
Dillon Heatherington,OTT,D,3,0,0,0,-3,0,1,0,0,0,0,0,2,2
Tucker Poolman,VAN,D,3,0,1,1,1,0,3,0,0,0,0,0,2,2
Andreas Johnsson,SJ,LW,13,0,3,3,-6,6,18,0,0,0,0,0,7,5
Anton Blidh,NYR,LW,14,0,0,0,-2,4,9,0,0,0,0,0,18,2
Jean-Sebastien Dea,ARI,C,4,0,0,0,-2,0,1,0,0,0,0,0,3,1
Ross Johnston,NYI,LW,16,0,2,2,-1,37,2,0,0,0,0,0,34,5
Joel Hanley,DAL,D,26,0,2,2,5,15,14,0,0,0,0,0,24,28
Haydn Fleury,TB,D,28,0,1,1,-10,14,32,0,0,0,0,0,29,28
Drake Caggiula,PIT,LW,4,0,0,0,-1,0,2,0,0,0,0,0,6,1
Kevin Rooney,CGY,C,17,0,1,1,-2,7,14,0,0,0,0,0,26,10
Dan Renouf,BOS,D,1,0,0,0,-3,0,5,0,0,0,0,0,1,2
Dennis Cholowski,NYI,D,2,0,0,0,-1,0,0,0,0,0,0,0,0,1
Riley Tufte,DAL,LW,3,0,0,0,-1,0,1,0,0,0,0,0,6,0
Lucas Johansen,WAS,D,2,0,0,0,0,0,3,0,0,0,0,0,0,3
Tyler Benson,EDM,LW,2,0,0,0,0,0,0,0,0,0,0,0,2,0
Kale Clague,BUF,D,32,0,3,3,-6,24,24,0,0,0,0,0,24,22
Markus Niemelainen,EDM,D,23,0,0,0,3,4,16,0,0,0,0,0,61,16
William Lockwood,NYR,RW,13,0,1,1,-7,0,12,0,0,0,0,0,37,13
Casey Fitzgerald,FLA,D,27,0,3,3,-2,4,13,0,0,0,0,0,35,12
Fredrik Karlstrom,DAL,C,5,0,0,0,1,0,6,0,0,0,0,0,1,1
Victor Mete,TOR,D,11,0,2,2,3,4,7,0,0,0,0,0,3,9
Mikhail Maltsev,COL,C,5,0,0,0,0,0,4,0,0,0,0,0,4,2
Will Bitten,STL,C,4,0,1,1,1,0,0,0,0,0,0,0,10,0
Frederic Allard,MON,D,1,0,0,0,0,0,2,0,0,0,0,0,0,0
Lucas Carlsson,FLA,D,2,0,0,0,-1,2,2,0,0,0,0,0,3,1
Otto Koivula,NYI,C,8,0,2,2,1,4,5,0,0,0,0,0,6,4
Max Lajoie,CAR,D,3,0,0,0,0,0,2,0,0,0,0,0,2,0
Joona Koppanen,BOS,LW,5,0,1,1,0,4,2,0,0,0,0,0,8,2
Gabriel Carlsson,WAS,D,6,0,2,2,-1,0,3,0,0,0,0,0,4,1
Noah Juulsen,VAN,D,12,0,0,0,1,6,5,0,0,0,0,0,43,16
Jacob Larsson,OTT,D,7,0,0,0,0,6,4,0,0,0,0,0,7,6
Bokondji Imama,ARI,LW,5,0,0,0,-2,5,0,0,0,0,0,0,13,2
Dakota Mermis,MIN,D,2,0,0,0,-1,0,1,0,0,0,0,0,2,3
Luke Philp,CHI,C,3,0,1,1,0,2,0,0,0,0,0,0,4,0
Colton White,ANH,D,45,0,6,6,-18,8,30,0,0,0,0,0,33,36
Christian Wolanin,VAN,D,16,0,3,3,5,4,16,0,0,1,0,0,4,11
Parker Wotherspoon,NYI,D,12,0,1,1,5,4,10,0,0,0,0,0,8,7
Glenn Gawdin,ANH,C,3,0,0,0,-1,0,3,0,0,0,0,0,4,3
Marc McLaughlin,BOS,C,2,0,0,0,-1,2,3,0,0,0,0,0,2,0
Vincent Iorio,WAS,D,3,0,1,1,0,0,3,0,0,0,0,0,2,3
Billy Sweezey,CLS,D,7,0,1,1,-1,9,2,0,0,0,0,0,28,16
Bobby McMann,TOR,C,10,0,1,1,-2,2,18,0,0,0,0,0,17,0
Anton Levtchi,FA,LW,2,0,0,0,0,0,1,0,0,0,0,0,0,0
Owen Beck,MON,C,1,0,0,0,-1,0,0,0,0,0,0,0,0,1
Hunter McKown,CLS,C,9,0,1,1,-6,6,10,0,0,0,0,0,8,2
Akito Hirose,VAN,D,5,0,2,2,1,0,2,0,0,1,0,0,4,4
Jake Livingstone,NSH,D,3,0,1,1,-1,0,0,0,0,0,0,0,4,9
Elliot Desnoyers,PHI,C,4,0,0,0,-2,0,3,0,0,0,0,0,9,4
Wyatt Kaiser,CHI,D,7,0,1,1,-5,0,11,0,0,0,0,0,4,6
Tyler Kleven,OTT,D,7,0,2,2,0,0,10,0,0,0,0,0,7,7
Brock Faber,MIN,D,1,0,0,0,1,0,1,0,0,0,0,0,0,6
Tristen Robins,SJ,C,1,0,0,0,-1,0,2,0,0,0,0,0,1,0
Will Cuylle,NYR,LW,4,0,0,0,-2,10,1,0,0,0,0,0,8,0
Jean-Luc Foudy,COL,C,9,0,0,0,-3,6,12,0,0,0,0,0,2,2
Matt Kessel,STL,D,2,0,0,0,-1,0,3,0,0,0,0,0,0,1
William Dufour,NYI,RW,1,0,0,0,-2,0,0,0,0,0,0,0,1,0
Oskar Olausson,COL,LW,1,0,0,0,0,0,0,0,0,0,0,0,0,0
David Jiricek,CLS,D,3,0,0,0,-5,2,4,0,0,0,0,0,8,5
Marco Kasper,DET,C,1,0,0,0,0,0,1,0,0,0,0,0,3,0
Josh Dunne,CLS,C,7,0,0,0,-6,4,3,0,0,0,0,0,17,4
Mike Hardman,CHI,RW,8,0,0,0,-2,0,7,0,0,0,0,0,25,6
Alex Steeves,TOR,LW,3,0,0,0,-2,0,3,0,0,0,0,0,3,0
Jackson Cates,PHI,C,5,0,0,0,0,0,4,0,0,0,0,0,3,1
Brandt Clarke,LA,D,9,0,2,2,-1,6,11,0,0,1,0,0,3,14
Jesper Froden,SEA,RW,13,0,4,4,4,4,10,0,0,0,0,0,9,5
James Hamblin,EDM,C,10,0,0,0,-3,2,12,0,0,0,0,0,2,1
Callahan Burke,COL,C,2,0,0,0,-1,0,2,0,0,0,0,0,1,2
Nick Cicek,SJ,D,16,0,4,4,-7,15,3,0,0,0,0,0,28,21
Alex Turcotte,LA,C,4,0,0,0,-2,5,2,0,0,0,0,0,1,0
Thomas Harley,DAL,D,4,0,2,2,5,2,5,0,0,0,0,0,0,6
Lassi Thomson,OTT,D,2,0,0,0,-2,4,1,0,0,0,0,0,2,0
Ville Heinola,WPG,D,10,0,1,1,-5,2,5,0,0,0,0,0,7,7
Samuel Poulin,PIT,RW,3,0,1,1,-3,2,2,0,0,1,0,0,3,1
Tobias Bjornfot,LA,D,10,0,1,1,1,6,10,0,0,0,0,0,12,11
Taro Hirose,DET,LW,2,0,0,0,-2,2,1,0,0,0,0,0,1,2
Egor Zamula,PHI,D,14,0,4,4,0,2,8,0,0,0,0,0,9,13
Jake Christiansen,CLS,D,23,0,3,3,-7,4,25,0,0,0,0,0,20,22
Brayden Pachal,VGK,D,9,0,2,2,1,6,16,0,0,0,0,0,24,9
Kristian Reichel,WPG,C,2,0,1,1,0,0,1,0,0,0,0,0,2,0
Trey Fix-Wolansky,CLS,RW,8,0,0,0,-6,0,15,0,0,0,0,0,10,7
Michael Kesselring,ARI,D,8,0,1,1,-3,6,8,0,0,0,0,0,11,5
Spencer Stastney,NSH,D,6,0,2,2,3,0,7,0,0,0,0,1,1,6
Filip Kral,TOR,D,2,0,0,0,0,2,1,0,0,0,0,0,2,1
Sampo Ranta,COL,LW,6,0,0,0,0,4,5,0,0,0,0,0,10,3
Nathan Smith,ARI,C,4,0,0,0,-1,4,2,0,0,0,0,0,6,3
Semyon Der-Arguchintsev,TOR,C,1,0,0,0,1,0,0,0,0,0,0,0,0,0
Johnny Gruden,PIT,LW,3,0,0,0,0,0,0,0,0,0,0,0,4,1
Mac Hollowell,TOR,D,6,0,2,2,3,2,4,0,0,0,0,0,3,6
Jan Jenik,ARI,C,1,0,0,0,0,4,0,0,0,0,0,0,2,1
Alec Regula,CHI,D,4,0,0,0,-3,4,2,0,0,0,0,0,4,8
Filip Hallander,PIT,C,2,0,0,0,0,0,0,0,0,0,0,0,1,3
Gabriel Fortier,TB,LW,1,0,0,0,0,0,0,0,0,0,0,0,1,0
David Gustafsson,WPG,C,45,0,6,6,1,6,45,0,0,0,0,1,25,18
Alexander Alexeyev,WAS,D,30,0,5,5,-4,4,26,0,0,0,0,0,31,47
Drew Helleson,ANH,D,1,0,0,0,-1,0,2,0,0,0,0,0,1,0
Kaedan Korczak,VGK,D,10,0,2,2,-3,0,16,0,0,0,0,0,25,8
Alex Vlasic,CHI,D,6,0,1,1,-1,0,4,0,0,0,0,0,5,9
Victor Soderstrom,ARI,D,29,0,8,8,-2,24,31,0,0,3,0,0,17,39
Connor McMichael,WAS,C,6,0,0,0,0,5,2,0,0,0,0,0,2,3
Henry Thrun,SJ,D,6,0,2,2,1,0,5,0,0,0,0,0,3,5
Nick Abruzzese,TOR,C,2,0,2,2,1,0,2,0,0,1,0,0,1,0
Ronnie Attard,PHI,D,2,0,0,0,0,0,5,0,0,0,0,0,3,2
Adam Beckman,MIN,LW,9,0,0,0,-2,0,12,0,0,0,0,0,3,2
Vladislav Kolyachonok,ARI,D,2,0,0,0,0,0,2,0,0,0,0,0,2,2
Marco Rossi,MIN,C,17,0,1,1,-5,6,12,0,0,0,0,0,5,8
Thomas Bordeleau,SJ,LW,6,0,1,1,-4,0,6,0,0,0,0,0,4,2
Adam Raska,SJ,LW,3,0,0,0,0,0,1,0,0,0,0,0,13,2
Justin Richards,CLS,C,2,0,1,1,-1,0,0,0,0,0,0,0,4,0
Jamie Drysdale,ANH,D,8,0,0,0,-3,2,8,0,0,0,0,0,7,6
Jordan Spence,LA,D,6,0,1,1,1,0,6,0,0,0,0,0,3,3
Tyce Thompson,NJ,C,2,0,0,0,-1,0,1,0,0,0,0,0,0,2
Corey Schueneman,MON,D,7,0,1,1,1,0,8,0,0,0,0,0,4,12
Shane Bowers,BOS,C,1,0,0,0,0,0,1,0,0,0,0,0,0,0
Urho Vaakanainen,ANH,D,23,0,2,2,-16,0,27,0,0,0,0,0,18,28
Lias Andersson,LA,LW,1,0,0,0,-1,0,1,0,0,0,0,0,2,0
Matthew Highmore,STL,C,2,0,0,0,1,0,2,0,0,0,0,0,4,0
Vinni Lettieri,BOS,C,1,0,0,0,-1,0,1,0,0,0,0,0,3,0
Nick DeSimone,CGY,D,4,0,0,0,-4,2,4,0,0,0,0,0,2,4
Dylan Coghlan,CAR,D,17,0,3,3,-1,2,29,0,0,0,0,0,11,9
Jeffrey Viel,SJ,LW,4,0,0,0,0,2,4,0,0,0,0,0,6,2
Jacob Moverare,LA,D,2,0,0,0,-1,0,6,0,0,0,0,0,3,4
Matthew Phillips,CGY,C,2,0,0,0,0,2,1,0,0,0,0,0,0,0
Vincent Desharnais,EDM,D,34,0,5,5,14,31,14,0,0,0,0,1,43,44
Jeremy Davies,BUF,D,1,0,0,0,0,2,1,0,0,0,0,0,0,1
Jacob Bernard-Docker,OTT,D,19,0,1,1,-2,11,22,0,0,0,0,0,23,27
Sheldon Rempal,VGK,LW,1,0,0,0,-2,0,0,0,0,0,0,0,0,0
Grigori Denisenko,FLA,LW,18,0,3,3,-5,4,16,0,0,0,0,0,20,8
Austin Strand,BUF,D,5,0,0,0,-2,2,5,0,0,0,0,0,5,4
Dmitri Samorukov,STL,D,2,0,0,0,-1,2,1,0,0,0,0,0,0,2
Cale Fleury,SEA,D,11,0,1,1,0,2,10,0,0,0,0,0,26,13
Jake Leschyshyn,NYR,C,35,0,0,0,-10,8,31,0,0,0,0,0,55,11
Jonas Rondbjerg,VGK,RW,13,0,1,1,-5,4,15,0,0,0,0,0,2,7
Alex Barre-Boulet,TB,C,1,0,0,0,0,0,1,0,0,0,0,0,0,0
Carson Meyer,CLS,RW,13,0,0,0,-2,4,16,0,0,0,0,0,22,6
Marian Studenic,DAL,RW,3,0,0,0,-1,0,4,0,0,0,0,0,3,0
Arnaud Durandeau,NYI,LW,4,0,0,0,1,2,9,0,0,0,0,0,3,2
Olle Lycksell,PHI,RW,8,0,1,1,-3,8,5,0,0,0,0,0,1,7